dhansen0,Danica,Hansen,dhansen0@temp-user.xyz
gcumpton1,Grata,Cumpton,gcumpton1@temp-user.xyz
sarkill2,Stevy,Arkill,sarkill2@temp-user.xyz
bmcvrone3,Brock,McVrone,bmcvrone3@temp-user.xyz
cnathan4,Clareta,Nathan,cnathan4@temp-user.xyz
gpren5,Glynnis,Pren,gpren5@temp-user.xyz
gdreakin6,Godart,Dreakin,gdreakin6@temp-user.xyz
npriditt7,Nataniel,Priditt,npriditt7@temp-user.xyz
fhuxham8,Fay,Huxham,fhuxham8@temp-user.xyz
awilcher9,Alford,Wilcher,awilcher9@temp-user.xyz
arisdalla,Annabela,Risdall,arisdalla@temp-user.xyz
aperkinsb,Alix,Perkins,aperkinsb@temp-user.xyz
tfallac,Tiffany,Falla,tfallac@temp-user.xyz
bleachmand,Brita,Leachman,bleachmand@temp-user.xyz
dbubbe,Donnie,Bubb,dbubbe@temp-user.xyz
wgiannonif,Willdon,Giannoni,wgiannonif@temp-user.xyz
rblaisdaleg,Romola,Blaisdale,rblaisdaleg@temp-user.xyz
afidoeh,Arluene,Fidoe,afidoeh@temp-user.xyz
tdorini,Tommy,Dorin,tdorini@temp-user.xyz
dtrebblej,Delora,Trebble,dtrebblej@temp-user.xyz
xblinermank,Xylia,Blinerman,xblinermank@temp-user.xyz
asteeplesl,Adi,Steeples,asteeplesl@temp-user.xyz
ldougherm,Lane,Dougher,ldougherm@temp-user.xyz
bcarpentern,Beverlie,Carpenter,bcarpentern@temp-user.xyz
lgerardeto,Lorin,Gerardet,lgerardeto@temp-user.xyz
jmcilrathp,Joella,McIlrath,jmcilrathp@temp-user.xyz
majsikq,Mil,Ajsik,majsikq@temp-user.xyz
wsmythinr,Wilfred,Smythin,wsmythinr@temp-user.xyz
epinchins,Edsel,Pinchin,epinchins@temp-user.xyz
rclaceyt,Rubie,Clacey,rclaceyt@temp-user.xyz
cgoodladu,Chevalier,Goodlad,cgoodladu@temp-user.xyz
zmanueliv,Zelig,Manueli,zmanueliv@temp-user.xyz
bgronow,Bill,Grono,bgronow@temp-user.xyz
mworsallsx,Morton,Worsalls,mworsallsx@temp-user.xyz
gbellowy,Gregorio,Bellow,gbellowy@temp-user.xyz
ltiemanz,Lana,Tieman,ltiemanz@temp-user.xyz
aphilipart10,Alane,Philipart,aphilipart10@temp-user.xyz
dgulley11,Deonne,Gulley,dgulley11@temp-user.xyz
mmabson12,Minette,Mabson,mmabson12@temp-user.xyz
mdeeny13,Maighdiln,Deeny,mdeeny13@temp-user.xyz
rdeeth14,Renelle,Deeth,rdeeth14@temp-user.xyz
mmont15,Mariya,Mont,mmont15@temp-user.xyz
lromera16,Lin,Romera,lromera16@temp-user.xyz
gmacias17,Guss,Macias,gmacias17@temp-user.xyz
wtrayes18,Wesley,Trayes,wtrayes18@temp-user.xyz
sjoliffe19,Stephanus,Joliffe,sjoliffe19@temp-user.xyz
dsiemandl1a,Devonna,Siemandl,dsiemandl1a@temp-user.xyz
njore1b,Nikolai,Jore,njore1b@temp-user.xyz
ldomingues1c,Lenette,Domingues,ldomingues1c@temp-user.xyz
strencher1d,Selina,Trencher,strencher1d@temp-user.xyz
scorragan1e,Shelton,Corragan,scorragan1e@temp-user.xyz
hhuge1f,Hubey,Huge,hhuge1f@temp-user.xyz
bfann1g,Benjamin,Fann,bfann1g@temp-user.xyz
noherlihy1h,Nada,Oherlihy,noherlihy1h@temp-user.xyz
ugrinyakin1i,Udale,Grinyakin,ugrinyakin1i@temp-user.xyz
ilinneman1j,Ileana,Linneman,ilinneman1j@temp-user.xyz
mletson1k,Mary,Letson,mletson1k@temp-user.xyz
csaunier1l,Consolata,Saunier,csaunier1l@temp-user.xyz
menrico1m,Maison,Enrico,menrico1m@temp-user.xyz
ehayworth1n,Eben,Hayworth,ehayworth1n@temp-user.xyz
lfligg1o,Lindie,Fligg,lfligg1o@temp-user.xyz
jgreim1p,Jonas,Greim,jgreim1p@temp-user.xyz
cfranklin1q,Charlean,Franklin,cfranklin1q@temp-user.xyz
dpenning1r,Dorise,Penning,dpenning1r@temp-user.xyz
ckeetley1s,Cristina,Keetley,ckeetley1s@temp-user.xyz
rsurmon1t,Raimundo,Surmon,rsurmon1t@temp-user.xyz
jlening1u,Jasun,Lening,jlening1u@temp-user.xyz
osorsby1v,Ofilia,Sorsby,osorsby1v@temp-user.xyz
gedgcumbe1w,Gib,Edgcumbe,gedgcumbe1w@temp-user.xyz
mbagg1x,Mildred,Bagg,mbagg1x@temp-user.xyz
amerrick1y,Aylmar,Merrick,amerrick1y@temp-user.xyz
cstirman1z,Carole,Stirman,cstirman1z@temp-user.xyz
focorr20,Freddie,O\'Corr,focorr20@temp-user.xyz
uiremonger21,Ula,Iremonger,uiremonger21@temp-user.xyz
ahuscroft22,Alfi,Huscroft,ahuscroft22@temp-user.xyz
rdiscombe23,Rosette,Discombe,rdiscombe23@temp-user.xyz
htours24,Hernando,Tours,htours24@temp-user.xyz
arumsby25,Ab,Rumsby,arumsby25@temp-user.xyz
ediruggero26,Ella,Di Ruggero,ediruggero26@temp-user.xyz
omonelle27,Ola,Monelle,omonelle27@temp-user.xyz
kashplant28,Kelby,Ashplant,kashplant28@temp-user.xyz
gganley29,Garvy,Ganley,gganley29@temp-user.xyz
fhoodspeth2a,Farly,Hoodspeth,fhoodspeth2a@temp-user.xyz
hskeldinge2b,Helli,Skeldinge,hskeldinge2b@temp-user.xyz
bkemwal2c,Butch,Kemwal,bkemwal2c@temp-user.xyz
ktreanor2d,Katie,Treanor,ktreanor2d@temp-user.xyz
xgarlette2e,Xymenes,Garlette,xgarlette2e@temp-user.xyz
stilney2f,Silvester,Tilney,stilney2f@temp-user.xyz
tdyke2g,Timmy,Dyke,tdyke2g@temp-user.xyz
baddy2h,Babara,Addy,baddy2h@temp-user.xyz
avennings2i,Annetta,Vennings,avennings2i@temp-user.xyz
gvanhalen2j,Gradey,Van Halen,gvanhalen2j@temp-user.xyz
glawles2k,Geralda,Lawles,glawles2k@temp-user.xyz
echampe2l,Edith,Champe,echampe2l@temp-user.xyz
skempstone2m,Simone,Kempstone,skempstone2m@temp-user.xyz
kcorradino2n,Kaine,Corradino,kcorradino2n@temp-user.xyz
efairtlough2o,Estele,Fairtlough,efairtlough2o@temp-user.xyz
ldarrington2p,Lacie,Darrington,ldarrington2p@temp-user.xyz
ftreby2q,Farley,Treby,ftreby2q@temp-user.xyz
bshenfisch2r,Barr,Shenfisch,bshenfisch2r@temp-user.xyz
cmacpeice2s,Carmela,MacPeice,cmacpeice2s@temp-user.xyz
eallaker2t,Ester,Allaker,eallaker2t@temp-user.xyz
hstockoe2u,Hernando,Stockoe,hstockoe2u@temp-user.xyz
pseemmonds2v,Paquito,Seemmonds,pseemmonds2v@temp-user.xyz
dtatchell2w,Deni,Tatchell,dtatchell2w@temp-user.xyz
afairham2x,Amy,Fairham,afairham2x@temp-user.xyz
japplewhite2y,Jacquenette,Applewhite,japplewhite2y@temp-user.xyz
jmaud2z,Jocelyne,Maud,jmaud2z@temp-user.xyz
gmanilo30,Goober,Manilo,gmanilo30@temp-user.xyz
lgullberg31,Leroy,Gullberg,lgullberg31@temp-user.xyz
jfridaye32,Jdavie,Fridaye,jfridaye32@temp-user.xyz
mchopy33,Maribel,Chopy,mchopy33@temp-user.xyz
scrowder34,Sutherland,Crowder,scrowder34@temp-user.xyz
cwhicher35,Chrissie,Whicher,cwhicher35@temp-user.xyz
bhornbuckle36,Briano,Hornbuckle,bhornbuckle36@temp-user.xyz
rmountain37,Rosemarie,Mountain,rmountain37@temp-user.xyz
fdedden38,Felicia,Dedden,fdedden38@temp-user.xyz
mbowfin39,Maryellen,Bowfin,mbowfin39@temp-user.xyz
jmunroe3a,Joyan,Munroe,jmunroe3a@temp-user.xyz
pzouch3b,Palmer,Zouch,pzouch3b@temp-user.xyz
wmonckton3c,Ward,Monckton,wmonckton3c@temp-user.xyz
fmustard3d,Farra,Mustard,fmustard3d@temp-user.xyz
qpassfield3e,Quinton,Passfield,qpassfield3e@temp-user.xyz
scoule3f,Shalne,Coule,scoule3f@temp-user.xyz
bbultitude3g,Binni,Bultitude,bbultitude3g@temp-user.xyz
aheinemann3h,Amery,Heinemann,aheinemann3h@temp-user.xyz
cpundy3i,Christophorus,Pundy,cpundy3i@temp-user.xyz
lthorowgood3j,Lilla,Thorowgood,lthorowgood3j@temp-user.xyz
kmaccarrick3k,Khalil,MacCarrick,kmaccarrick3k@temp-user.xyz
jcroxford3l,Jilleen,Croxford,jcroxford3l@temp-user.xyz
vbissett3m,Vernor,Bissett,vbissett3m@temp-user.xyz
certel3n,Catherine,Ertel,certel3n@temp-user.xyz
miceton3o,Malissa,Iceton,miceton3o@temp-user.xyz
lperello3p,Lamont,Perello,lperello3p@temp-user.xyz
doakshott3q,Donalt,Oakshott,doakshott3q@temp-user.xyz
srookeby3r,Sylas,Rookeby,srookeby3r@temp-user.xyz
rdank3s,Ruggiero,Dank,rdank3s@pagesperso-orange.fr
jcockburn3t,Jamesy,Cockburn,jcockburn3t@temp-user.xyz
apowdrill3u,Adena,Powdrill,apowdrill3u@temp-user.xyz
dagney3v,Dwight,Agney,dagney3v@temp-user.xyz
eduncan3w,Ernaline,Duncan,eduncan3w@temp-user.xyz
cdudgeon3x,Cyrillus,Dudgeon,cdudgeon3x@temp-user.xyz
nmalec3y,Noni,Malec,nmalec3y@temp-user.xyz
ditzkovwich3z,Doria,Itzkovwich,ditzkovwich3z@temp-user.xyz
dmatas40,Devonne,Matas,dmatas40@temp-user.xyz
rsimanenko41,Regan,Simanenko,rsimanenko41@temp-user.xyz
kboost42,Krissie,Boost,kboost42@temp-user.xyz
apitone43,Abra,Pitone,apitone43@temp-user.xyz
mkippins44,Marni,Kippins,mkippins44@temp-user.xyz
aleadbeatter45,Adina,Leadbeatter,aleadbeatter45@temp-user.xyz
khalsey46,Kathy,Halsey,khalsey46@temp-user.xyz
amiko47,Audi,Miko,amiko47@temp-user.xyz
dfisby48,Davey,Fisby,dfisby48@temp-user.xyz
eelecum49,Elyse,Elecum,eelecum49@temp-user.xyz
bboffin4a,Betsy,Boffin,bboffin4a@temp-user.xyz
dblanning4b,Dorotea,Blanning,dblanning4b@temp-user.xyz
acyphus4c,Ali,Cyphus,acyphus4c@temp-user.xyz
rwhittick4d,Ruthanne,Whittick,rwhittick4d@temp-user.xyz
ckornousek4e,Corene,Kornousek,ckornousek4e@temp-user.xyz
jswan4f,Janek,Swan,jswan4f@temp-user.xyz
hbasil4g,Helaina,Basil,hbasil4g@temp-user.xyz
mwalley4h,Morissa,Walley,mwalley4h@temp-user.xyz
gkellington4i,Gloriana,Kellington,gkellington4i@temp-user.xyz
cpalister4j,Christos,Palister,cpalister4j@temp-user.xyz
bhitschke4k,Barn,Hitschke,bhitschke4k@temp-user.xyz
tnaerup4l,Teodor,Naerup,tnaerup4l@temp-user.xyz
dmitcham4m,Denney,Mitcham,dmitcham4m@temp-user.xyz
sgoodliffe4n,Syman,Goodliffe,sgoodliffe4n@temp-user.xyz
wcozens4o,Wenda,Cozens,wcozens4o@temp-user.xyz
jbillyeald4p,Jo,Billyeald,jbillyeald4p@temp-user.xyz
bcarrick4q,Burl,Carrick,bcarrick4q@temp-user.xyz
crennick4r,Cosette,Rennick,crennick4r@temp-user.xyz
iivanshintsev4s,Ilsa,Ivanshintsev,iivanshintsev4s@temp-user.xyz
gandren4t,Grazia,Andren,gandren4t@temp-user.xyz
kmarty4u,Kathrine,Marty,kmarty4u@temp-user.xyz
wharfoot4v,Wyatt,Harfoot,wharfoot4v@temp-user.xyz
paddekin4w,Page,Addekin,paddekin4w@temp-user.xyz
ksteane4x,Kerstin,Steane,ksteane4x@temp-user.xyz
wboucher4y,Wald,Boucher,wboucher4y@temp-user.xyz
klethieulier4z,Kalle,Lethieulier,klethieulier4z@temp-user.xyz
chafner50,Cherish,Hafner,chafner50@temp-user.xyz
jteale51,Jeanie,Teale,jteale51@temp-user.xyz
asteeples52,Angus,Steeples,asteeples52@temp-user.xyz
dsatteford53,Devonne,Satteford,dsatteford53@temp-user.xyz
sarangy54,Shelbi,Arangy,sarangy54@temp-user.xyz
vgarth55,Vernon,Garth,vgarth55@temp-user.xyz
lwickendon56,Lona,Wickendon,lwickendon56@temp-user.xyz
ahammand57,Alisha,Hammand,ahammand57@temp-user.xyz
ebedlington58,Edeline,Bedlington,ebedlington58@temp-user.xyz
rdunseith59,Rutledge,Dunseith,rdunseith59@temp-user.xyz
tlill5a,Tyrus,Lill,tlill5a@temp-user.xyz
cmclucas5b,Currie,McLucas,cmclucas5b@temp-user.xyz
ahedworth5c,Alexandr,Hedworth,ahedworth5c@temp-user.xyz
mstiddard5d,Martie,Stiddard,mstiddard5d@temp-user.xyz
selkins5e,Stinky,Elkins,selkins5e@temp-user.xyz
awoodroofe5f,Ancell,Woodroofe,awoodroofe5f@temp-user.xyz
dralls5g,Drusy,Ralls,dralls5g@temp-user.xyz
mtarbath5h,Melanie,Tarbath,mtarbath5h@temp-user.xyz
kcano5i,Katya,Cano,kcano5i@temp-user.xyz
gsirey5j,Gilles,Sirey,gsirey5j@temp-user.xyz
tseide5k,Thacher,Seide,tseide5k@temp-user.xyz
mlittlecote5l,Manfred,Littlecote,mlittlecote5l@temp-user.xyz
nsweetnam5m,Nadya,Sweetnam,nsweetnam5m@temp-user.xyz
qbracco5n,Quinn,Bracco,qbracco5n@temp-user.xyz
tgarbett5o,Trueman,Garbett,tgarbett5o@temp-user.xyz
aborland5p,Anderson,Borland,aborland5p@temp-user.xyz
talmey5q,Timotheus,Almey,talmey5q@temp-user.xyz
pvinecombe5r,Pennie,Vinecombe,pvinecombe5r@temp-user.xyz
fcowsby5s,Faunie,Cowsby,fcowsby5s@temp-user.xyz
lskin5t,Linc,Skin,lskin5t@temp-user.xyz
kdyer5u,Kinna,Dyer,kdyer5u@temp-user.xyz
mtwitty5v,Marja,Twitty,mtwitty5v@temp-user.xyz
hdamper5w,Herculie,Damper,hdamper5w@temp-user.xyz
bambrosoni5x,Brana,Ambrosoni,bambrosoni5x@temp-user.xyz
nkarpeev5y,Niccolo,Karpeev,nkarpeev5y@temp-user.xyz
llucian5z,Lenci,Lucian,llucian5z@temp-user.xyz
fhucklesby60,Farris,Hucklesby,fhucklesby60@temp-user.xyz
jtunnock61,Jo,Tunnock,jtunnock61@temp-user.xyz
spietrusiak62,Shelly,Pietrusiak,spietrusiak62@temp-user.xyz
bhullett63,Bethena,Hullett,bhullett63@temp-user.xyz
saldwich64,Susanne,Aldwich,saldwich64@temp-user.xyz
rhousaman65,Raimund,Housaman,rhousaman65@temp-user.xyz
jnapton66,Jon,Napton,jnapton66@temp-user.xyz
titzak67,Townie,Itzak,titzak67@temp-user.xyz
goakland68,Gabbie,Oakland,goakland68@temp-user.xyz
pdadda69,Pebrook,D\'Adda,pdadda69@temp-user.xyz
soddie6a,Sabina,Oddie,soddie6a@temp-user.xyz
dliquorish6b,Debor,Liquorish,dliquorish6b@temp-user.xyz
cduerden6c,Culley,Duerden,cduerden6c@temp-user.xyz
ostreeter6d,Ora,Streeter,ostreeter6d@temp-user.xyz
eholdey6e,Elvira,Holdey,eholdey6e@temp-user.xyz
pdayborne6f,Phyllida,Dayborne,pdayborne6f@temp-user.xyz
gcleever6g,Genevieve,Cleever,gcleever6g@temp-user.xyz
qsimone6h,Quintilla,Simone,qsimone6h@temp-user.xyz
bvarran6i,Boony,Varran,bvarran6i@temp-user.xyz
ltraill6j,Liz,Traill,ltraill6j@temp-user.xyz
hgiff6k,Hedvig,Giff,hgiff6k@temp-user.xyz
rschohier6l,Rogers,Schohier,rschohier6l@temp-user.xyz
bbliss6m,Brandice,Bliss,bbliss6m@temp-user.xyz
tchorley6n,Terese,Chorley,tchorley6n@temp-user.xyz
mchristmas6o,Mireielle,Christmas,mchristmas6o@temp-user.xyz
rhaily6p,Reggi,Haily,rhaily6p@temp-user.xyz
mmackay6q,Matty,MacKay,mmackay6q@temp-user.xyz
djacobovitch6r,Della,Jacobovitch,djacobovitch6r@temp-user.xyz
dbroggio6s,Donna,Broggio,dbroggio6s@temp-user.xyz
ehembery6t,Eberto,Hembery,ehembery6t@temp-user.xyz
emcgilvray6u,Euphemia,McGilvray,emcgilvray6u@temp-user.xyz
rshillabeare6v,Rollie,Shillabeare,rshillabeare6v@temp-user.xyz
jwhyteman6w,Jenda,Whyteman,jwhyteman6w@temp-user.xyz
spettendrich6x,Sheila-kathryn,Pettendrich,spettendrich6x@temp-user.xyz
eswancott6y,Eric,Swancott,eswancott6y@temp-user.xyz
acantwell6z,Ashly,Cantwell,acantwell6z@temp-user.xyz
odowears70,Orlando,Dowears,odowears70@temp-user.xyz
sfolder71,Sianna,Folder,sfolder71@temp-user.xyz
eshevell72,Elicia,Shevell,eshevell72@temp-user.xyz
pemburey73,Penrod,Emburey,pemburey73@temp-user.xyz
mjinkin74,Marlane,Jinkin,mjinkin74@temp-user.xyz
lbrundale75,Leonid,Brundale,lbrundale75@temp-user.xyz
smaxwale76,Stefano,Maxwale,smaxwale76@temp-user.xyz
svanelli77,Stan,Vanelli,svanelli77@temp-user.xyz
ckennelly78,Christye,Kennelly,ckennelly78@temp-user.xyz
coquirk79,Claudelle,O\' Quirk,coquirk79@temp-user.xyz
aeverwin7a,Ailee,Everwin,aeverwin7a@temp-user.xyz
smacilriach7b,Sergei,MacIlriach,smacilriach7b@temp-user.xyz
rmilmith7c,Rancell,Milmith,rmilmith7c@temp-user.xyz
lcombe7d,Lucy,Combe,lcombe7d@temp-user.xyz
yghidoli7e,Yetty,Ghidoli,yghidoli7e@temp-user.xyz
csnazle7f,Cassandry,Snazle,csnazle7f@temp-user.xyz
bpinnick7g,Basilius,Pinnick,bpinnick7g@temp-user.xyz
ssalvador7h,Selene,Salvador,ssalvador7h@temp-user.xyz
corth7i,Chaim,Orth,corth7i@temp-user.xyz
dcoom7j,Denny,Coom,dcoom7j@temp-user.xyz
dhasser7k,Devonna,Hasser,dhasser7k@temp-user.xyz
cschohier7l,Chrissie,Schohier,cschohier7l@temp-user.xyz
rlivick7m,Ricky,Livick,rlivick7m@temp-user.xyz
escullion7n,Elmore,Scullion,escullion7n@temp-user.xyz
cearwaker7o,Calv,Earwaker,cearwaker7o@temp-user.xyz
ldunklee7p,Lucina,Dunklee,ldunklee7p@temp-user.xyz
dpauli7q,Dinnie,Pauli,dpauli7q@temp-user.xyz
sschule7r,Sidonia,Schule,sschule7r@temp-user.xyz
aflegg7s,Ajay,Flegg,aflegg7s@temp-user.xyz
jstooders7t,Janith,Stooders,jstooders7t@temp-user.xyz
tkarlolczak7u,Timoteo,Karlolczak,tkarlolczak7u@temp-user.xyz
mlemery7v,Miner,Lemery,mlemery7v@temp-user.xyz
hmundford7w,Hagan,Mundford,hmundford7w@temp-user.xyz
zdifranceshci7x,Zebedee,Di Franceshci,zdifranceshci7x@temp-user.xyz
nschutter7y,Nevins,Schutter,nschutter7y@temp-user.xyz
lfarryan7z,Leland,Farryan,lfarryan7z@temp-user.xyz
bscrivinor80,Billy,Scrivinor,bscrivinor80@temp-user.xyz
hrothwell81,Hyacinth,Rothwell,hrothwell81@temp-user.xyz
pfawdry82,Philly,Fawdry,pfawdry82@temp-user.xyz
eland83,Essie,Land,eland83@temp-user.xyz
tknappen84,Thomasine,Knappen,tknappen84@temp-user.xyz
dceillier85,Dominik,Ceillier,dceillier85@temp-user.xyz
mlyle86,Marcelle,Lyle,mlyle86@temp-user.xyz
ogodbehere87,Ode,Godbehere,ogodbehere87@temp-user.xyz
dwedge88,Dietrich,Wedge,dwedge88@temp-user.xyz
ydeme89,Yancey,Deme,ydeme89@temp-user.xyz
kvogelein8a,King,Vogelein,kvogelein8a@temp-user.xyz
ctwittey8b,Charlie,Twittey,ctwittey8b@temp-user.xyz
ekirwood8c,Erich,Kirwood,ekirwood8c@temp-user.xyz
ndreamer8d,Ninnetta,Dreamer,ndreamer8d@temp-user.xyz
acansdill8e,Alexi,Cansdill,acansdill8e@temp-user.xyz
atrytsman8f,Araldo,Trytsman,atrytsman8f@temp-user.xyz
bchecklin8g,Bondy,Checklin,bchecklin8g@temp-user.xyz
jcheese8h,Jenine,Cheese,jcheese8h@temp-user.xyz
kbumby8i,Kimble,Bumby,kbumby8i@temp-user.xyz
jlesmonde8j,Jacky,Lesmonde,jlesmonde8j@temp-user.xyz
jrobke8k,Jami,Robke,jrobke8k@temp-user.xyz
wschleicher8l,Wilow,Schleicher,wschleicher8l@temp-user.xyz
aclitheroe8m,Anselma,Clitheroe,aclitheroe8m@temp-user.xyz
bwhitmore8n,Beau,Whitmore,bwhitmore8n@temp-user.xyz
rcosta8o,Raimund,Costa,rcosta8o@temp-user.xyz
rbonallick8p,Rosalinde,Bonallick,rbonallick8p@temp-user.xyz
ploghan8q,Pip,Loghan,ploghan8q@temp-user.xyz
akefford8r,Analise,Kefford,akefford8r@temp-user.xyz
bhadeke8s,Bonny,Hadeke,bhadeke8s@temp-user.xyz
atrippitt8t,Angelina,Trippitt,atrippitt8t@temp-user.xyz
mbellelli8u,Maurie,Bellelli,mbellelli8u@temp-user.xyz
ltomadoni8v,Lorrayne,Tomadoni,ltomadoni8v@temp-user.xyz
greadshall8w,Gan,Readshall,greadshall8w@temp-user.xyz
sbigham8x,Sande,Bigham,sbigham8x@temp-user.xyz
jbusher8y,Jacqueline,Busher,jbusher8y@temp-user.xyz
ashitliffe8z,Auguste,Shitliffe,ashitliffe8z@temp-user.xyz
csoot90,Channa,Soot,csoot90@temp-user.xyz
fcoldbath91,Forrester,Coldbath,fcoldbath91@temp-user.xyz
bloxley92,Bertrand,Loxley,bloxley92@temp-user.xyz
ktoffler93,Krispin,Toffler,ktoffler93@temp-user.xyz
kfinnis94,Kelley,Finnis,kfinnis94@temp-user.xyz
zbapty95,Zedekiah,Bapty,zbapty95@temp-user.xyz
nbrittian96,Nevsa,Brittian,nbrittian96@temp-user.xyz
emcgaugey97,Edwin,McGaugey,emcgaugey97@temp-user.xyz
ealywin98,Erik,Alywin,ealywin98@temp-user.xyz
sboyle99,Shoshana,Boyle,sboyle99@temp-user.xyz
cfarnan9a,Cyrus,Farnan,cfarnan9a@temp-user.xyz
ljandak9b,Lon,Jandak,ljandak9b@temp-user.xyz
ltownshend9c,Laurens,Townshend,ltownshend9c@temp-user.xyz
cledner9d,Cymbre,Ledner,cledner9d@temp-user.xyz
gfacer9e,Giovanna,Facer,gfacer9e@temp-user.xyz
bforder9f,Bidget,Forder,bforder9f@temp-user.xyz
maddams9g,Maryann,Addams,maddams9g@temp-user.xyz
uwombwell9h,Ulrikaumeko,Wombwell,uwombwell9h@temp-user.xyz
rpiggen9i,Reyna,Piggen,rpiggen9i@temp-user.xyz
smaskew9j,Shepperd,Maskew,smaskew9j@temp-user.xyz
ghaskins9k,Gilda,Haskins,ghaskins9k@temp-user.xyz
rdoniso9l,Romeo,Doniso,rdoniso9l@temp-user.xyz
sdibiasio9m,Stace,Di Biasio,sdibiasio9m@temp-user.xyz
cbloss9n,Cecilius,Bloss,cbloss9n@temp-user.xyz
fmakey9o,Fanni,Makey,fmakey9o@temp-user.xyz
lbrunel9p,Leanor,Brunel,lbrunel9p@temp-user.xyz
kdubarry9q,Keslie,Dubarry,kdubarry9q@temp-user.xyz
atalton9r,Atalanta,Talton,atalton9r@temp-user.xyz
tricket9s,Theda,Ricket,tricket9s@temp-user.xyz
fpullman9t,Fax,Pullman,fpullman9t@temp-user.xyz
pjaquin9u,Paxton,Jaquin,pjaquin9u@temp-user.xyz
hdevers9v,Hillel,Devers,hdevers9v@temp-user.xyz
rswancott9w,Rosanna,Swancott,rswancott9w@temp-user.xyz
rkornas9x,Roderic,Kornas,rkornas9x@temp-user.xyz
vfoux9y,Vincenz,Foux,vfoux9y@temp-user.xyz
iabram9z,Issiah,Abram,iabram9z@temp-user.xyz
iascroftea0,Ike,Ascrofte,iascroftea0@temp-user.xyz
bserota1,Bradly,Serot,bserota1@temp-user.xyz
qrissoma2,Quintilla,Rissom,qrissoma2@temp-user.xyz
hguierrea3,Hadlee,Guierre,hguierrea3@temp-user.xyz
soverstonea4,Stephen,Overstone,soverstonea4@temp-user.xyz
akubana5,Andrei,Kuban,akubana5@temp-user.xyz
lwissona6,Linc,Wisson,lwissona6@temp-user.xyz
sendsa7,Sibella,Ends,sendsa7@temp-user.xyz
foneala8,Ferrel,O\'Neal,foneala8@temp-user.xyz
lnobrigaa9,Laurent,Nobriga,lnobrigaa9@temp-user.xyz
cdaillyaa,Chandal,Dailly,cdaillyaa@temp-user.xyz
qplevinab,Quillan,Plevin,qplevinab@temp-user.xyz
bsheirlawac,Beret,Sheirlaw,bsheirlawac@temp-user.xyz
pdeloozead,Philomena,Delooze,pdeloozead@temp-user.xyz
sderricoatae,Sadye,Derricoat,sderricoatae@temp-user.xyz
cskellonaf,Calley,Skellon,cskellonaf@temp-user.xyz
aearwakerag,Agnese,Earwaker,aearwakerag@temp-user.xyz
mbridelah,Marylynne,Bridel,mbridelah@temp-user.xyz
rbiddleai,Rooney,Biddle,rbiddleai@temp-user.xyz
mlowethaj,Mortie,Loweth,mlowethaj@temp-user.xyz
bclemak,Boniface,Clem,bclemak@temp-user.xyz
krojahnal,Kelsy,Rojahn,krojahnal@temp-user.xyz
faldhamam,Far,Aldham,faldhamam@temp-user.xyz
jmcmyleran,Johan,McMyler,jmcmyleran@temp-user.xyz
slemarchantao,Suzi,Le Marchant,slemarchantao@temp-user.xyz
dfrithap,Dewitt,Frith,dfrithap@temp-user.xyz
bmatysikaq,Brandais,Matysik,bmatysikaq@temp-user.xyz
dmcelmurrayar,Darius,McElmurray,dmcelmurrayar@temp-user.xyz
esiburnas,Elena,Siburn,esiburnas@temp-user.xyz
sgillmoreat,Sunny,Gillmore,sgillmoreat@temp-user.xyz
skasperau,Shirl,Kasper,skasperau@temp-user.xyz
fphelitav,Franky,Phelit,fphelitav@temp-user.xyz
sarndtsenaw,Siward,Arndtsen,sarndtsenaw@temp-user.xyz
okleinmannax,Orrin,Kleinmann,okleinmannax@temp-user.xyz
rkerinsay,Rollins,Kerins,rkerinsay@temp-user.xyz
emalseraz,Emmet,Malser,emalseraz@temp-user.xyz
sgarwillb0,Stevana,Garwill,sgarwillb0@temp-user.xyz
rminigob1,Ruthie,Minigo,rminigob1@temp-user.xyz
khousbeyb2,Kara,Housbey,khousbeyb2@temp-user.xyz
aklampkb3,Arabel,Klampk,aklampkb3@temp-user.xyz
linsealb4,Leeanne,Inseal,linsealb4@temp-user.xyz
gwasonb5,Gare,Wason,gwasonb5@temp-user.xyz
rmarvinb6,Royall,Marvin,rmarvinb6@temp-user.xyz
glabatb7,Gabey,Labat,glabatb7@temp-user.xyz
erackamb8,Elli,Rackam,erackamb8@temp-user.xyz
ahaugheyb9,Abraham,Haughey,ahaugheyb9@temp-user.xyz
hfeeheryba,Hyacintha,Feehery,hfeeheryba@temp-user.xyz
lbringloebb,Legra,Bringloe,lbringloebb@temp-user.xyz
fhainbc,Fancie,Hain,fhainbc@temp-user.xyz
jtresslerbd,Jessee,Tressler,jtresslerbd@temp-user.xyz
pdowsebe,Prudy,Dowse,pdowsebe@temp-user.xyz
xjopkebf,Xymenes,Jopke,xjopkebf@temp-user.xyz
gaucuttbg,Gris,Aucutt,gaucuttbg@temp-user.xyz
acampanellebh,Adler,Campanelle,acampanellebh@temp-user.xyz
srojahnbi,Sarah,Rojahn,srojahnbi@temp-user.xyz
hgiannassibj,Hunter,Giannassi,hgiannassibj@temp-user.xyz
gwhitbreadbk,Grover,Whitbread,gwhitbreadbk@temp-user.xyz
smoxsombl,Stacy,Moxsom,smoxsombl@temp-user.xyz
cgremainbm,Carlin,Gremain,cgremainbm@temp-user.xyz
edugmorebn,Elfreda,Dugmore,edugmorebn@temp-user.xyz
bsoigouxbo,Berthe,Soigoux,bsoigouxbo@temp-user.xyz
jtaylderbp,Jo-anne,Taylder,jtaylderbp@temp-user.xyz
ogreenigbq,Osbourne,Greenig,ogreenigbq@temp-user.xyz
bgallybr,Blakelee,Gally,bgallybr@temp-user.xyz
eredwallbs,Esmaria,Redwall,eredwallbs@temp-user.xyz
miannuzzellibt,Margarete,Iannuzzelli,miannuzzellibt@temp-user.xyz
nmussottibu,Norrie,Mussotti,nmussottibu@temp-user.xyz
fdeathbv,Farris,De\'Ath,fdeathbv@temp-user.xyz
mbownessbw,Malinda,Bowness,mbownessbw@temp-user.xyz
pspehrbx,Petronia,Spehr,pspehrbx@temp-user.xyz
fbeckensallby,Florida,Beckensall,fbeckensallby@temp-user.xyz
cfanstonebz,Ceil,Fanstone,cfanstonebz@temp-user.xyz
gnouchc0,Gregor,Nouch,gnouchc0@temp-user.xyz
bpecholdc1,Barbabas,Pechold,bpecholdc1@temp-user.xyz
kshillc2,Kenny,Shill,kshillc2@temp-user.xyz
ibormanc3,Inessa,Borman,ibormanc3@temp-user.xyz
dhamlync4,Diann,Hamlyn,dhamlync4@temp-user.xyz
lgoldisc5,Lisette,Goldis,lgoldisc5@temp-user.xyz
ainworthc6,Arlie,Inworth,ainworthc6@temp-user.xyz
mgrimesc7,Murdoch,Grimes,mgrimesc7@temp-user.xyz
lhitschkec8,Lavena,Hitschke,lhitschkec8@temp-user.xyz
dgrindellc9,Donna,Grindell,dgrindellc9@temp-user.xyz
lsansburyca,Lenna,Sansbury,lsansburyca@temp-user.xyz
atrevorrowcb,Adelaide,Trevorrow,atrevorrowcb@temp-user.xyz
gkensetcc,Gallard,Kenset,gkensetcc@temp-user.xyz
clinnycd,Clifford,Linny,clinnycd@temp-user.xyz
jgazece,Jerry,Gaze,jgazece@temp-user.xyz
rmetschkecf,Randy,Metschke,rmetschkecf@temp-user.xyz
dliverseegecg,Deena,Liverseege,dliverseegecg@temp-user.xyz
mfowlstonch,Madeline,Fowlston,mfowlstonch@temp-user.xyz
ksharphouseci,Kirstyn,Sharphouse,ksharphouseci@temp-user.xyz
ioldhamcj,Idalia,Oldham,ioldhamcj@temp-user.xyz
nellimanck,Niall,Elliman,nellimanck@temp-user.xyz
gmyrtlecl,Goran,Myrtle,gmyrtlecl@temp-user.xyz
rdepkecm,Rafaello,Depke,rdepkecm@temp-user.xyz
escraggcn,Ettie,Scragg,escraggcn@temp-user.xyz
ejanousco,Eb,Janous,ejanousco@temp-user.xyz
mstockowcp,Melany,Stockow,mstockowcp@temp-user.xyz
dwallingtoncq,Danit,Wallington,dwallingtoncq@temp-user.xyz
wliptrotcr,Wells,Liptrot,wliptrotcr@temp-user.xyz
acallinancs,Aloysia,Callinan,acallinancs@temp-user.xyz
mtoyct,Mildrid,Toy,mtoyct@temp-user.xyz
mstanyforthcu,Melodee,Stanyforth,mstanyforthcu@temp-user.xyz
moldershawcv,Mada,Oldershaw,moldershawcv@temp-user.xyz
dhedlestonecw,Darda,Hedlestone,dhedlestonecw@temp-user.xyz
kpithcockcx,Kurtis,Pithcock,kpithcockcx@temp-user.xyz
ccorbyncy,Charmian,Corbyn,ccorbyncy@temp-user.xyz
bwinningcz,Brenna,Winning,bwinningcz@temp-user.xyz
glundbergd0,Gene,Lundberg,glundbergd0@temp-user.xyz
smichelled1,Steffane,Michelle,smichelled1@temp-user.xyz
reuesdend2,Ruthe,Euesden,reuesdend2@temp-user.xyz
wtourmelld3,Wendi,Tourmell,wtourmelld3@temp-user.xyz
jcranshawd4,Joey,Cranshaw,jcranshawd4@temp-user.xyz
jrattenburyd5,Joella,Rattenbury,jrattenburyd5@temp-user.xyz
tgreenhalghd6,Theresita,Greenhalgh,tgreenhalghd6@temp-user.xyz
cwahnerd7,Curtice,Wahner,cwahnerd7@temp-user.xyz
aheisterd8,Aretha,Heister,aheisterd8@temp-user.xyz
lhundleyd9,Lexy,Hundley,lhundleyd9@temp-user.xyz
kcardnellda,Kelwin,Cardnell,kcardnellda@temp-user.xyz
vsmyleydb,Valene,Smyley,vsmyleydb@temp-user.xyz
fworrilldc,Fidela,Worrill,fworrilldc@temp-user.xyz
lleadesdd,Lindsey,Leades,lleadesdd@temp-user.xyz
mthickensde,Marielle,Thickens,mthickensde@temp-user.xyz
lmarchenkodf,Lorenzo,Marchenko,lmarchenkodf@temp-user.xyz
cwoofindendg,Courtnay,Woofinden,cwoofindendg@temp-user.xyz
gpadburydh,Gottfried,Padbury,gpadburydh@temp-user.xyz
amedendorpdi,Abbye,Medendorp,amedendorpdi@temp-user.xyz
astrottondj,Alick,Strotton,astrottondj@temp-user.xyz
smassondk,Sam,Masson,smassondk@temp-user.xyz
bwhertondl,Berty,Wherton,bwhertondl@temp-user.xyz
djadodm,Dunn,Jado,djadodm@temp-user.xyz
poconcannondn,Payton,O\' Concannon,poconcannondn@temp-user.xyz
bpoytherasdo,Berti,Poytheras,bpoytherasdo@temp-user.xyz
dnenddp,Darrick,Nend,dnenddp@temp-user.xyz
fedisdq,Fredric,Edis,fedisdq@temp-user.xyz
ospellsworthdr,Olva,Spellsworth,ospellsworthdr@temp-user.xyz
cdurakds,Channa,Durak,cdurakds@temp-user.xyz
adoileydt,Ann,Doiley,adoileydt@temp-user.xyz
dvedekhovdu,Danica,Vedekhov,dvedekhovdu@temp-user.xyz
mbartolomadv,Marline,Bartoloma,mbartolomadv@temp-user.xyz
lspibydw,Levin,Spiby,lspibydw@temp-user.xyz
celcumdx,Clareta,Elcum,celcumdx@temp-user.xyz
hlempertzdy,Harlen,Lempertz,hlempertzdy@temp-user.xyz
rsleighdz,Rickey,Sleigh,rsleighdz@temp-user.xyz
ledesse0,Loydie,Edess,ledesse0@temp-user.xyz
ckeysele1,Cissy,Keysel,ckeysele1@temp-user.xyz
azammette2,Ariel,Zammett,azammette2@temp-user.xyz
craubenheimerse3,Carleton,Raubenheimers,craubenheimerse3@temp-user.xyz
loglesbeee4,Lissa,Oglesbee,loglesbeee4@temp-user.xyz
tambrogioe5,Taddeo,Ambrogio,tambrogioe5@temp-user.xyz
wgreenrdee6,Walther,Greenrde,wgreenrdee6@temp-user.xyz
bburnelle7,Byran,Burnell,bburnelle7@temp-user.xyz
rharnotte8,Ramsay,Harnott,rharnotte8@temp-user.xyz
chayfielde9,Carmelita,Hayfield,chayfielde9@temp-user.xyz
gheadlandea,Gorden,Headland,gheadlandea@temp-user.xyz
ctartteb,Carie,Tartt,ctartteb@temp-user.xyz
javrahamianec,Jennee,Avrahamian,javrahamianec@temp-user.xyz
oheibled,Ora,Heibl,oheibled@temp-user.xyz
bpierceee,Bernhard,Pierce,bpierceee@temp-user.xyz
dmangeref,Dona,Manger,dmangeref@temp-user.xyz
ghubeg,Gibby,Hub,ghubeg@temp-user.xyz
sjemmisoneh,Stanly,Jemmison,sjemmisoneh@temp-user.xyz
jbaggelleyei,Josh,Baggelley,jbaggelleyei@temp-user.xyz
gswaneej,Gonzales,Swane,gswaneej@temp-user.xyz
bpargetterek,Brian,Pargetter,bpargetterek@temp-user.xyz
fchecchetelliel,Field,Checchetelli,fchecchetelliel@temp-user.xyz
grenboldem,Giulietta,Renbold,grenboldem@temp-user.xyz
amacdearmaiden,Alaster,MacDearmaid,amacdearmaiden@temp-user.xyz
jyeelleo,Jenna,Yeell,jyeelleo@temp-user.xyz
fandryushinep,Fidela,Andryushin,fandryushinep@temp-user.xyz
crakeeq,Corny,Rake,crakeeq@temp-user.xyz
srotteer,Selle,Rotte,srotteer@temp-user.xyz
tpilgrimes,Therine,Pilgrim,tpilgrimes@temp-user.xyz
ibeekmanet,Inessa,Beekman,ibeekmanet@temp-user.xyz
ldormaneu,Lothario,Dorman,ldormaneu@temp-user.xyz
clishmanev,Corella,Lishman,clishmanev@temp-user.xyz
afleemingew,Audre,Fleeming,afleemingew@temp-user.xyz
smallochex,Sharline,Malloch,smallochex@temp-user.xyz
ecampesey,Erek,Campes,ecampesey@temp-user.xyz
rfieldenez,Raquela,Fielden,rfieldenez@temp-user.xyz
mnixf0,Mariann,Nix,mnixf0@temp-user.xyz
ajonssonf1,Avrit,Jonsson,ajonssonf1@temp-user.xyz
jsmallshawf2,Jada,Smallshaw,jsmallshawf2@temp-user.xyz
kgamettf3,Kristoforo,Gamett,kgamettf3@temp-user.xyz
vcharlef4,Virginie,Charle,vcharlef4@temp-user.xyz
rtommeif5,Rooney,Tommei,rtommeif5@temp-user.xyz
rlissendenf6,Rosa,Lissenden,rlissendenf6@temp-user.xyz
lewensf7,Leo,Ewens,lewensf7@temp-user.xyz
sgaultf8,Sebastien,Gault,sgaultf8@temp-user.xyz
tmildnerf9,Thaddeus,Mildner,tmildnerf9@temp-user.xyz
wchaggfa,Wenda,Chagg,wchaggfa@temp-user.xyz
dvitlerfb,Dennison,Vitler,dvitlerfb@temp-user.xyz
bsmalefc,Bowie,Smale,bsmalefc@temp-user.xyz
nsouthersfd,Nerte,Southers,nsouthersfd@temp-user.xyz
esunshinefe,Elysee,Sunshine,esunshinefe@temp-user.xyz
gwhifeff,Gene,Whife,gwhifeff@temp-user.xyz
iomulderrigfg,Issie,O\' Mulderrig,iomulderrigfg@temp-user.xyz
tfirlefh,Tully,Firle,tfirlefh@temp-user.xyz
sbendigfi,Sapphira,Bendig,sbendigfi@temp-user.xyz
mbothwellfj,Margarette,Bothwell,mbothwellfj@temp-user.xyz
wcherrisonfk,Wrennie,Cherrison,wcherrisonfk@temp-user.xyz
tbogartfl,Tallie,Bogart,tbogartfl@temp-user.xyz
dsimkinsfm,Daniella,Simkins,dsimkinsfm@temp-user.xyz
mtattersdillfn,Malinda,Tattersdill,mtattersdillfn@temp-user.xyz
tbendittfo,Terrye,Benditt,tbendittfo@temp-user.xyz
mchinfp,Milty,Chin,mchinfp@temp-user.xyz
mkulicfq,Miguelita,Kulic,mkulicfq@temp-user.xyz
jsoarfr,Jarrod,Soar,jsoarfr@temp-user.xyz
estrangwoodfs,Elroy,Strangwood,estrangwoodfs@temp-user.xyz
kandreopolosft,Kaja,Andreopolos,kandreopolosft@temp-user.xyz
speeverfu,Sergent,Peever,speeverfu@temp-user.xyz
gbedbroughfv,Godwin,Bedbrough,gbedbroughfv@temp-user.xyz
fhuefw,Florenza,Hue,fhuefw@temp-user.xyz
epaullfx,Eustacia,Paull,epaullfx@temp-user.xyz
gmighelify,Giselle,Migheli,gmighelify@temp-user.xyz
ppetcheyfz,Pascale,Petchey,ppetcheyfz@temp-user.xyz
bpetrashkovg0,Byran,Petrashkov,bpetrashkovg0@temp-user.xyz
xhurdedgeg1,Xena,Hurdedge,xhurdedgeg1@temp-user.xyz
cpriskg2,Clemmie,Prisk,cpriskg2@temp-user.xyz
jkezarg3,Johann,Kezar,jkezarg3@temp-user.xyz
zpetraschg4,Zeb,Petrasch,zpetraschg4@pagesperso-orange.fr
vboyleg5,Vikki,Boyle,vboyleg5@temp-user.xyz
lfilipchikovg6,Lyndsey,Filipchikov,lfilipchikovg6@temp-user.xyz
fbyllamg7,Fawn,Byllam,fbyllamg7@temp-user.xyz
tbutterlyg8,Tarra,Butterly,tbutterlyg8@temp-user.xyz
pclaricoatsg9,Piotr,Claricoats,pclaricoatsg9@temp-user.xyz
knewsonga,Kyle,Newson,knewsonga@temp-user.xyz
gquennellgb,Gearard,Quennell,gquennellgb@temp-user.xyz
zlewardgc,Zarah,Leward,zlewardgc@temp-user.xyz
eraubenheimgd,Evan,Raubenheim,eraubenheimgd@temp-user.xyz
fgleasanege,Florence,Gleasane,fgleasanege@temp-user.xyz
eashfoldgf,Esteban,Ashfold,eashfoldgf@temp-user.xyz
mstollardgg,Margie,Stollard,mstollardgg@temp-user.xyz
liorigh,Lea,Iori,liorigh@temp-user.xyz
jjensengi,Jody,Jensen,jjensengi@temp-user.xyz
mothickgj,Marti,Othick,mothickgj@temp-user.xyz
cgettingsgk,Carol-jean,Gettings,cgettingsgk@temp-user.xyz
cgrushingl,Clarice,Grushin,cgrushingl@temp-user.xyz
mstrotongm,Meryl,Stroton,mstrotongm@temp-user.xyz
boleszczakgn,Berkley,Oleszczak,boleszczakgn@temp-user.xyz
smollingo,Sonja,Mollin,smollingo@temp-user.xyz
isherrattgp,Isidore,Sherratt,isherrattgp@temp-user.xyz
dlodovichigq,Dorothea,Lodovichi,dlodovichigq@temp-user.xyz
yperelgr,Yettie,Perel,yperelgr@temp-user.xyz
gollerhadgs,Giffy,Ollerhad,gollerhadgs@temp-user.xyz
cpretselgt,Caroline,Pretsel,cpretselgt@temp-user.xyz
jhutfieldgu,Jayson,Hutfield,jhutfieldgu@temp-user.xyz
ccolliargv,Casar,Colliar,ccolliargv@temp-user.xyz
cturnergw,Curcio,Turner,cturnergw@temp-user.xyz
ccloughgx,Calley,Clough,ccloughgx@temp-user.xyz
bmassiegy,Brennen,Massie,bmassiegy@temp-user.xyz
acobbinggz,Aldus,Cobbing,acobbinggz@temp-user.xyz
jkubeckah0,Jedediah,Kubecka,jkubeckah0@temp-user.xyz
apinketth1,Alasdair,Pinkett,apinketth1@temp-user.xyz
bkiddeyh2,Brook,Kiddey,bkiddeyh2@temp-user.xyz
rmasdonh3,Rad,Masdon,rmasdonh3@temp-user.xyz
mtrevorh4,Milena,Trevor,mtrevorh4@temp-user.xyz
ccushellyh5,Charlie,Cushelly,ccushellyh5@temp-user.xyz
hlanchberryh6,Hoebart,Lanchberry,hlanchberryh6@temp-user.xyz
gcummingh7,Gerti,Cumming,gcummingh7@temp-user.xyz
drhoddieh8,Danika,Rhoddie,drhoddieh8@temp-user.xyz
cgiampietroh9,Catie,Giampietro,cgiampietroh9@temp-user.xyz
dampsha,Doy,Amps,dampsha@temp-user.xyz
hcrasfordhb,Harwilll,Crasford,hcrasfordhb@temp-user.xyz
cmilchhc,Clarette,Milch,cmilchhc@temp-user.xyz
cwoolatthd,Clim,Woolatt,cwoolatthd@temp-user.xyz
rvasilkovhe,Ricard,Vasilkov,rvasilkovhe@temp-user.xyz
fservanthf,Felicdad,Servant,fservanthf@temp-user.xyz
nlumblyhg,Nanette,Lumbly,nlumblyhg@temp-user.xyz
stwycrosshh,Sigrid,Twycross,stwycrosshh@temp-user.xyz
rbradshawhi,Roderich,Bradshaw,rbradshawhi@temp-user.xyz
rkinsetthj,Royce,Kinsett,rkinsetthj@temp-user.xyz
ckoubuhk,Clovis,Koubu,ckoubuhk@temp-user.xyz
gbearnhl,Goddart,Bearn,gbearnhl@temp-user.xyz
kstrettlehm,Kiel,Strettle,kstrettlehm@temp-user.xyz
wabrehearthn,Winnie,Abreheart,wabrehearthn@temp-user.xyz
lcollarho,Lauree,Collar,lcollarho@temp-user.xyz
qwordingtonhp,Queenie,Wordington,qwordingtonhp@temp-user.xyz
bwilfingerhq,Bette-ann,Wilfinger,bwilfingerhq@temp-user.xyz
cwoolastonhr,Cathrin,Woolaston,cwoolastonhr@temp-user.xyz
benticknaphs,Bren,Enticknap,benticknaphs@temp-user.xyz
krannsht,Kacie,Ranns,krannsht@temp-user.xyz
jmansourhu,Jamima,Mansour,jmansourhu@temp-user.xyz
ulingleyhv,Urbain,Lingley,ulingleyhv@temp-user.xyz
clovehw,Cheryl,Love,clovehw@temp-user.xyz
gsesonhx,Gretchen,Seson,gsesonhx@temp-user.xyz
ckirkhousehy,Charmain,Kirkhouse,ckirkhousehy@temp-user.xyz
acamerellohz,Amil,Camerello,acamerellohz@temp-user.xyz
rendrizzii0,Roxie,Endrizzi,rendrizzii0@temp-user.xyz
ajessetti1,Augy,Jessett,ajessetti1@temp-user.xyz
kroyli2,Kris,Royl,kroyli2@temp-user.xyz
mspeighti3,Marchall,Speight,mspeighti3@temp-user.xyz
dtidballi4,Dre,Tidball,dtidballi4@temp-user.xyz
lwacei5,Leeann,Wace,lwacei5@temp-user.xyz
ashentoni6,Avis,Shenton,ashentoni6@temp-user.xyz
rmehargi7,Rebecka,Meharg,rmehargi7@temp-user.xyz
pcogani8,Penn,Cogan,pcogani8@temp-user.xyz
dcooi9,Daffie,Coo,dcooi9@temp-user.xyz
hcadwalladeria,Harley,Cadwallader,hcadwalladeria@temp-user.xyz
tloughrenib,Tarrah,Loughren,tloughrenib@temp-user.xyz
lbaggsic,Lowe,Baggs,lbaggsic@temp-user.xyz
mlongworthid,Mayne,Longworth,mlongworthid@temp-user.xyz
ndenizetie,Noelle,Denizet,ndenizetie@temp-user.xyz
bdelgardoif,Biddy,Delgardo,bdelgardoif@temp-user.xyz
ccarikig,Cassandre,Carik,ccarikig@temp-user.xyz
vlynthalih,Virgie,Lynthal,vlynthalih@temp-user.xyz
jsisnettii,Jaymie,Sisnett,jsisnettii@temp-user.xyz
lshorlandij,Lester,Shorland,lshorlandij@temp-user.xyz
botteeik,Barnaby,Ottee,botteeik@temp-user.xyz
wdorkinsil,Waldo,Dorkins,wdorkinsil@temp-user.xyz
rgalgeyim,Rabbi,Galgey,rgalgeyim@temp-user.xyz
lreddickin,Liv,Reddick,lreddickin@temp-user.xyz
cgavanio,Carlyle,Gavan,cgavanio@temp-user.xyz
candersenip,Cyrill,Andersen,candersenip@temp-user.xyz
fgerrelsiq,Fabio,Gerrels,fgerrelsiq@temp-user.xyz
tallensonir,Tamar,Allenson,tallensonir@temp-user.xyz
tbabinskiis,Taber,Babinski,tbabinskiis@temp-user.xyz
cpacheit,Conn,Pache,cpacheit@temp-user.xyz
kfoakesiu,Kirsteni,Foakes,kfoakesiu@temp-user.xyz
ahamblingtoniv,Amy,Hamblington,ahamblingtoniv@temp-user.xyz
ajermaniw,Arman,Jerman,ajermaniw@temp-user.xyz
cdeethix,Cobb,Deeth,cdeethix@temp-user.xyz
dbealsiy,Donnell,Beals,dbealsiy@temp-user.xyz
hhallfordiz,Hatti,Hallford,hhallfordiz@temp-user.xyz
lspellissyj0,Luciana,Spellissy,lspellissyj0@temp-user.xyz
labramsj1,Lesly,Abrams,labramsj1@temp-user.xyz
tgittoesj2,Tilda,Gittoes,tgittoesj2@temp-user.xyz
sbarrottj3,Staford,Barrott,sbarrottj3@temp-user.xyz
dburlj4,Dee,Burl,dburlj4@temp-user.xyz
ljoutapaitisj5,Lulu,Joutapaitis,ljoutapaitisj5@temp-user.xyz
cborthj6,Clayson,Borth,cborthj6@temp-user.xyz
bspaduccij7,Brandi,Spaducci,bspaduccij7@temp-user.xyz
jdunsirej8,Jyoti,Dunsire,jdunsirej8@temp-user.xyz
nharradencej9,Natty,Harradence,nharradencej9@temp-user.xyz
npodsja,Nell,Pods,npodsja@temp-user.xyz
mstrongitharmjb,Mose,Strongitharm,mstrongitharmjb@temp-user.xyz
bandriuzzijc,Bethena,Andriuzzi,bandriuzzijc@temp-user.xyz
tbegentjd,Timmi,Begent,tbegentjd@temp-user.xyz
gparfreyje,Goldi,Parfrey,gparfreyje@temp-user.xyz
lpringerjf,Lorita,Pringer,lpringerjf@temp-user.xyz
abulfootjg,Amabel,Bulfoot,abulfootjg@temp-user.xyz
meadonjh,Marin,Eadon,meadonjh@temp-user.xyz
nallanbyji,Nanon,Allanby,nallanbyji@temp-user.xyz
fhartinjj,Forster,Hartin,fhartinjj@temp-user.xyz
mvellenderjk,Maighdiln,Vellender,mvellenderjk@temp-user.xyz
sleechjl,Shannan,Leech,sleechjl@temp-user.xyz
anornaselljm,Aubrey,Nornasell,anornaselljm@temp-user.xyz
aarchardjn,Alysa,Archard,aarchardjn@temp-user.xyz
aparrishjo,Aldo,Parrish,aparrishjo@temp-user.xyz
tfarragherjp,Tressa,Farragher,tfarragherjp@temp-user.xyz
afowlejq,Astrix,Fowle,afowlejq@temp-user.xyz
abinnesjr,Agnola,Binnes,abinnesjr@temp-user.xyz
bhagstonejs,Brittne,Hagstone,bhagstonejs@temp-user.xyz
obenedictojt,Ozzy,Benedicto,obenedictojt@temp-user.xyz
ssevenju,Sheilakathryn,Seven,ssevenju@temp-user.xyz
gpeggramjv,Granthem,Peggram,gpeggramjv@temp-user.xyz
mibbottjw,Merrick,Ibbott,mibbottjw@temp-user.xyz
ckastingjx,Chrissie,Kasting,ckastingjx@temp-user.xyz
rsharpjy,Rosaleen,Sharp,rsharpjy@temp-user.xyz
sprovenjz,Sallee,Proven,sprovenjz@temp-user.xyz
bhanckek0,Brinna,Hancke,bhanckek0@temp-user.xyz
bleprovostk1,Bernete,Le Provost,bleprovostk1@temp-user.xyz
kstirripk2,Kati,Stirrip,kstirripk2@temp-user.xyz
ademogeotk3,Allyn,Demogeot,ademogeotk3@temp-user.xyz
rkenionk4,Rose,Kenion,rkenionk4@temp-user.xyz
rsemeradk5,Robinia,Semerad,rsemeradk5@temp-user.xyz
sashfullk6,Susie,Ashfull,sashfullk6@temp-user.xyz
dhamshawk7,Darby,Hamshaw,dhamshawk7@temp-user.xyz
cscafek8,Chiquita,Scafe,cscafek8@temp-user.xyz
mtrulockk9,Marget,Trulock,mtrulockk9@temp-user.xyz
rpietrika,Rozalin,Pietri,rpietrika@temp-user.xyz
mglennardkb,Michelle,Glennard,mglennardkb@temp-user.xyz
hdeerykc,Hailee,Deery,hdeerykc@temp-user.xyz
aconnopkd,Alano,Connop,aconnopkd@temp-user.xyz
khulseke,Karlik,Hulse,khulseke@temp-user.xyz
gessexkf,Gretta,Essex,gessexkf@temp-user.xyz
smacscheriekg,Silas,MacScherie,smacscheriekg@temp-user.xyz
nmcinallykh,Nollie,McInally,nmcinallykh@temp-user.xyz
cextallki,Carlyn,Extall,cextallki@temp-user.xyz
zolinkj,Zuzana,Olin,zolinkj@temp-user.xyz
mdellcasakk,Maxwell,Dell Casa,mdellcasakk@temp-user.xyz
jmanoellikl,Jeana,Manoelli,jmanoellikl@temp-user.xyz
ddumperkm,Ddene,Dumper,ddumperkm@temp-user.xyz
mmccalisterkn,Marianne,McCalister,mmccalisterkn@temp-user.xyz
hmcdadeko,Hedy,McDade,hmcdadeko@temp-user.xyz
cmiddleweekkp,Christine,Middleweek,cmiddleweekkp@temp-user.xyz
mallsebrookkq,Millicent,Allsebrook,mallsebrookkq@temp-user.xyz
bbenedictekr,Bette,Benedicte,bbenedictekr@temp-user.xyz
kboolks,Kailey,Bool,kboolks@temp-user.xyz
mharlowkt,Max,Harlow,mharlowkt@temp-user.xyz
kreddyhoffku,Karolina,Reddyhoff,kreddyhoffku@temp-user.xyz
sniaveskv,Siegfried,Niaves,sniaveskv@temp-user.xyz
ibunhillkw,Ivor,Bunhill,ibunhillkw@temp-user.xyz
kminshawkx,Kenton,Minshaw,kminshawkx@temp-user.xyz
wesomeky,Willyt,Esome,wesomeky@temp-user.xyz
tcollidgekz,Tasia,Collidge,tcollidgekz@temp-user.xyz
ddonetl0,Deeanne,Donet,ddonetl0@temp-user.xyz
kmacnultyl1,Katrine,MacNulty,kmacnultyl1@temp-user.xyz
dtabourell2,Demetri,Tabourel,dtabourell2@temp-user.xyz
ogarbuttl3,Odette,Garbutt,ogarbuttl3@temp-user.xyz
arichfordl4,Ajay,Richford,arichfordl4@temp-user.xyz
hsperrettl5,Hirsch,Sperrett,hsperrettl5@temp-user.xyz
cmargettl6,Cyndia,Margett,cmargettl6@temp-user.xyz
mpumfreyl7,Meryl,Pumfrey,mpumfreyl7@temp-user.xyz
mhowisl8,Madeline,Howis,mhowisl8@temp-user.xyz
growetl9,Gwendolyn,Rowet,growetl9@temp-user.xyz
acastigliola,Abby,Castiglio,acastigliola@temp-user.xyz
gliebrechtlb,Guntar,Liebrecht,gliebrechtlb@temp-user.xyz
dwheblelc,Doris,Wheble,dwheblelc@temp-user.xyz
helleswortheld,Hesther,Ellesworthe,helleswortheld@temp-user.xyz
aferrarellole,Agatha,Ferrarello,aferrarellole@temp-user.xyz
rcurmanlf,Rose,Curman,rcurmanlf@temp-user.xyz
skoppenlg,Sonya,Koppen,skoppenlg@temp-user.xyz
svennartlh,Shelley,Vennart,svennartlh@temp-user.xyz
wgibbonsonli,Wilmer,Gibbonson,wgibbonsonli@temp-user.xyz
gheepslj,Genia,Heeps,gheepslj@temp-user.xyz
mklimowiczlk,Miles,Klimowicz,mklimowiczlk@temp-user.xyz
adaberll,Antonie,Daber,adaberll@temp-user.xyz
fmckendolm,Farand,McKendo,fmckendolm@temp-user.xyz
bburrellsln,Brana,Burrells,bburrellsln@temp-user.xyz
lambrodilo,Lyell,Ambrodi,lambrodilo@temp-user.xyz
aleemanlp,Arlena,Leeman,aleemanlp@temp-user.xyz
klocallq,Karlis,Local,klocallq@temp-user.xyz
zayreslr,Zacharie,Ayres,zayreslr@temp-user.xyz
myouellls,Matty,Youell,myouellls@temp-user.xyz
bdimocklt,Bertrando,Dimock,bdimocklt@temp-user.xyz
atuckleylu,Anson,Tuckley,atuckleylu@temp-user.xyz
blevittlv,Bella,Levitt,blevittlv@temp-user.xyz
cshellibeerlw,Carolus,Shellibeer,cshellibeerlw@temp-user.xyz
cgarterylx,Chastity,Gartery,cgarterylx@temp-user.xyz
tbangiardly,Tresa,Bangiard,tbangiardly@temp-user.xyz
lgrinawaylz,Liz,Grinaway,lgrinawaylz@temp-user.xyz
hmeinekingm0,Huberto,Meineking,hmeinekingm0@temp-user.xyz
movesenm1,Maura,Ovesen,movesenm1@temp-user.xyz
cbentallm2,Cam,Bentall,cbentallm2@temp-user.xyz
caleixom3,Catina,Aleixo,caleixom3@temp-user.xyz
mlenourym4,Maureene,Le Noury,mlenourym4@temp-user.xyz
lmoodiem5,Lucian,Moodie,lmoodiem5@temp-user.xyz
tdevaenm6,Tadd,de Vaen,tdevaenm6@temp-user.xyz
lericm7,Lanae,Eric,lericm7@temp-user.xyz
lgrasonm8,Laurena,Grason,lgrasonm8@temp-user.xyz
tbrooksbiem9,Torie,Brooksbie,tbrooksbiem9@temp-user.xyz
akennettma,Anthia,Kennett,akennettma@temp-user.xyz
acarrolmb,Annabel,Carrol,acarrolmb@temp-user.xyz
amaddinonmc,Alexine,Maddinon,amaddinonmc@temp-user.xyz
gbatchanmd,Gonzales,Batchan,gbatchanmd@temp-user.xyz
acamolettome,Allsun,Camoletto,acamolettome@temp-user.xyz
rmessiermf,Ryon,Messier,rmessiermf@temp-user.xyz
cmathwinmg,Celina,Mathwin,cmathwinmg@temp-user.xyz
cjoanicmh,Crichton,Joanic,cjoanicmh@temp-user.xyz
epowermi,Elonore,Power,epowermi@temp-user.xyz
kkepemj,Kris,Kepe,kkepemj@temp-user.xyz
gellerbymk,Gilberto,Ellerby,gellerbymk@temp-user.xyz
bstollerml,Brinn,Stoller,bstollerml@temp-user.xyz
mdarbyshiremm,Merry,Darbyshire,mdarbyshiremm@temp-user.xyz
mezzymn,Malvin,Ezzy,mezzymn@temp-user.xyz
craddinmo,Christophe,Raddin,craddinmo@temp-user.xyz
lcarlawmp,Lester,Carlaw,lcarlawmp@temp-user.xyz
dlarmetmq,Dimitri,Larmet,dlarmetmq@temp-user.xyz
mkrugmannmr,Malena,Krugmann,mkrugmannmr@temp-user.xyz
jharmanms,Jenelle,Harman,jharmanms@temp-user.xyz
bcreebomt,Bethany,Creebo,bcreebomt@temp-user.xyz
aelsaymu,Allene,Elsay,aelsaymu@temp-user.xyz
gdobbsmv,Gregory,Dobbs,gdobbsmv@temp-user.xyz
ahendrickmw,Ana,Hendrick,ahendrickmw@temp-user.xyz
ometcalfmx,Obediah,Metcalf,ometcalfmx@temp-user.xyz
shughlandmy,Sinclare,Hughland,shughlandmy@temp-user.xyz
mkefordmz,Matthus,Keford,mkefordmz@temp-user.xyz
cmaidstonen0,Clarice,Maidstone,cmaidstonen0@temp-user.xyz
wgoldn1,West,Gold,wgoldn1@temp-user.xyz
candrezn2,Chev,Andrez,candrezn2@temp-user.xyz
wcooneyn3,Walt,Cooney,wcooneyn3@temp-user.xyz
cstilln4,Charline,Still,cstilln4@temp-user.xyz
mcorkishn5,Morena,Corkish,mcorkishn5@temp-user.xyz
ealdinn6,Ellissa,Aldin,ealdinn6@temp-user.xyz
pyellowlean7,Pris,Yellowlea,pyellowlean7@temp-user.xyz
pgrimseyn8,Pattin,Grimsey,pgrimseyn8@temp-user.xyz
akordesn9,Anna,Kordes,akordesn9@temp-user.xyz
fgethinna,Fina,Gethin,fgethinna@temp-user.xyz
fstranahannb,Faunie,Stranahan,fstranahannb@temp-user.xyz
ehariotnc,Emylee,Hariot,ehariotnc@temp-user.xyz
ksanchisnd,Kevin,Sanchis,ksanchisnd@temp-user.xyz
aredrupne,Alison,Redrup,aredrupne@temp-user.xyz
fabrahamsennf,Fredek,Abrahamsen,fabrahamsennf@temp-user.xyz
bvanbaarenng,Brit,Van Baaren,bvanbaarenng@temp-user.xyz
dtwiddellnh,Duffie,Twiddell,dtwiddellnh@temp-user.xyz
owasonni,Opal,Wason,owasonni@temp-user.xyz
jzylbermannnj,Jay,Zylbermann,jzylbermannnj@temp-user.xyz
dfullunnk,Daniela,Fullun,dfullunnk@temp-user.xyz
pallebonenl,Patsy,Allebone,pallebonenl@temp-user.xyz
ddavitashvilinm,Dewitt,Davitashvili,ddavitashvilinm@temp-user.xyz
cmenauteaunn,Constantin,Menauteau,cmenauteaunn@temp-user.xyz
dtawno,Dory,Taw,dtawno@temp-user.xyz
hlambethnp,Hi,Lambeth,hlambethnp@temp-user.xyz
emouattnq,Emmalee,Mouatt,emouattnq@temp-user.xyz
mwidocksnr,Maryrose,Widocks,mwidocksnr@temp-user.xyz
sbischopns,Stacy,Bischop,sbischopns@temp-user.xyz
nbarfieldnt,Norina,Barfield,nbarfieldnt@temp-user.xyz
lipplettnu,Lona,Ipplett,lipplettnu@temp-user.xyz
vburnupnv,Veriee,Burnup,vburnupnv@temp-user.xyz
rgalwaynw,Rinaldo,Galway,rgalwaynw@temp-user.xyz
badamecnx,Bone,Adamec,badamecnx@temp-user.xyz
hbagwellny,Herculie,Bagwell,hbagwellny@temp-user.xyz
gcrossinghamnz,Georges,Crossingham,gcrossinghamnz@temp-user.xyz
llapisho0,Lesli,Lapish,llapisho0@temp-user.xyz
iropeo1,Ignacius,Rope,iropeo1@temp-user.xyz
epetrielloo2,Edna,Petriello,epetrielloo2@temp-user.xyz
awrotho3,Arron,Wroth,awrotho3@temp-user.xyz
bfowlstono4,Barnebas,Fowlston,bfowlstono4@temp-user.xyz
nstraceyo5,Nesta,Stracey,nstraceyo5@temp-user.xyz
opovaho6,Osbert,Povah,opovaho6@temp-user.xyz
fmcglynno7,Fulvia,McGlynn,fmcglynno7@temp-user.xyz
dhansardo8,Daffy,Hansard,dhansardo8@temp-user.xyz
jbenneo9,Jeanine,Benne,jbenneo9@temp-user.xyz
kclearleyoa,Karalynn,Clearley,kclearleyoa@temp-user.xyz
iquarryob,Idalia,Quarry,iquarryob@temp-user.xyz
nbleacklyoc,Noni,Bleackly,nbleacklyoc@temp-user.xyz
pgrocuttod,Perkin,Grocutt,pgrocuttod@temp-user.xyz
kgoalbyoe,Kaylyn,Goalby,kgoalbyoe@temp-user.xyz
mklosof,Merv,Klos,mklosof@temp-user.xyz
ddawkesog,Daria,Dawkes,ddawkesog@temp-user.xyz
jdumphreysoh,Jonie,Dumphreys,jdumphreysoh@temp-user.xyz
mtroucheroi,Mathias,Troucher,mtroucheroi@temp-user.xyz
rgiacomioj,Rafaela,Giacomi,rgiacomioj@temp-user.xyz
shuygensok,Sterling,Huygens,shuygensok@temp-user.xyz
dpurvessol,Dre,Purvess,dpurvessol@temp-user.xyz
darchdeckneom,Dyan,Archdeckne,darchdeckneom@temp-user.xyz
emossmanon,Edouard,Mossman,emossmanon@temp-user.xyz
jthoumasoo,Jerrie,Thoumas,jthoumasoo@temp-user.xyz
asislandop,Alverta,Sisland,asislandop@temp-user.xyz
smeredythoq,Sylvester,Meredyth,smeredythoq@temp-user.xyz
spiniuror,Sondra,Piniur,spiniuror@temp-user.xyz
plarganos,Pauly,Largan,plarganos@temp-user.xyz
mmulcahyot,Marijn,Mulcahy,mmulcahyot@temp-user.xyz
apinsentou,Allistir,Pinsent,apinsentou@temp-user.xyz
astartenov,Alejandrina,Starten,astartenov@temp-user.xyz
digoeow,Desi,Igoe,digoeow@temp-user.xyz
lsheerinox,Leese,Sheerin,lsheerinox@temp-user.xyz
nmurtelloy,Nonnah,Murtell,nmurtelloy@temp-user.xyz
djanewoz,Dorothea,Janew,djanewoz@temp-user.xyz
ihardsonp0,Ingrim,Hardson,ihardsonp0@temp-user.xyz
tarnouldp1,Theodoric,Arnould,tarnouldp1@temp-user.xyz
ashortanp2,Adams,Shortan,ashortanp2@temp-user.xyz
cclymap3,Catlin,Clyma,cclymap3@temp-user.xyz
nlockp4,Norene,Lock,nlockp4@temp-user.xyz
dbullimorep5,Dyanna,Bullimore,dbullimorep5@temp-user.xyz
dvanvuurenp6,Donnie,Van Vuuren,dvanvuurenp6@temp-user.xyz
aferrarettop7,Ameline,Ferraretto,aferrarettop7@temp-user.xyz
bmatchittp8,Barty,Matchitt,bmatchittp8@temp-user.xyz
serrowep9,Shem,Errowe,serrowep9@temp-user.xyz
klepoidevinpa,Kelley,Lepoidevin,klepoidevinpa@temp-user.xyz
mpesekpb,Mindy,Pesek,mpesekpb@temp-user.xyz
cdaylypc,Caralie,Dayly,cdaylypc@temp-user.xyz
clindhepd,Craggy,Lindhe,clindhepd@temp-user.xyz
bgitthousepe,Briny,Gitthouse,bgitthousepe@temp-user.xyz
gwimbridgepf,Gayel,Wimbridge,gwimbridgepf@temp-user.xyz
fmattersleypg,Fowler,Mattersley,fmattersleypg@temp-user.xyz
mnolderph,Maegan,Nolder,mnolderph@temp-user.xyz
sspendlovepi,Steffen,Spendlove,sspendlovepi@temp-user.xyz
jgilbertpj,Jefferey,Gilbert,jgilbertpj@temp-user.xyz
raddeypk,Rafael,Addey,raddeypk@temp-user.xyz
raxtonpl,Rickie,Axton,raxtonpl@temp-user.xyz
fclemotpm,Ferrell,Clemot,fclemotpm@temp-user.xyz
bsammonspn,Balduin,Sammons,bsammonspn@temp-user.xyz
pximenezpo,Pietro,Ximenez,pximenezpo@temp-user.xyz
rroswarnepp,Rafaellle,Roswarne,rroswarnepp@temp-user.xyz
mveschambrepq,Martelle,Veschambre,mveschambrepq@temp-user.xyz
gmcgrielepr,Giff,McGriele,gmcgrielepr@temp-user.xyz
dzanussiips,Dalenna,Zanussii,dzanussiips@temp-user.xyz
cbricknellpt,Christye,Bricknell,cbricknellpt@temp-user.xyz
rstermanpu,Reginauld,Sterman,rstermanpu@temp-user.xyz
eleideckerpv,Ethan,Leidecker,eleideckerpv@temp-user.xyz
atharmepw,Arlan,Tharme,atharmepw@temp-user.xyz
aswattenpx,Anna-diane,Swatten,aswattenpx@temp-user.xyz
bvaneschipy,Bobbe,Vaneschi,bvaneschipy@temp-user.xyz
lhallexpz,Leigha,Hallex,lhallexpz@temp-user.xyz
fchalfontq0,Feliks,Chalfont,fchalfontq0@temp-user.xyz
sbredburyq1,Sybille,Bredbury,sbredburyq1@temp-user.xyz
aenderleq2,Alicea,Enderle,aenderleq2@temp-user.xyz
thughlinq3,Tobe,Hughlin,thughlinq3@temp-user.xyz
phassentq4,Pren,Hassent,phassentq4@temp-user.xyz
wickovitsq5,Wylie,Ickovits,wickovitsq5@temp-user.xyz
njaycockq6,Nancy,Jaycock,njaycockq6@temp-user.xyz
ghaugehq7,Griffin,Haugeh,ghaugehq7@temp-user.xyz
opancostq8,Odessa,Pancost,opancostq8@temp-user.xyz
ohellwichq9,Olivie,Hellwich,ohellwichq9@temp-user.xyz
cmagnarqa,Christopher,Magnar,cmagnarqa@temp-user.xyz
dliveingqb,Daisi,Liveing,dliveingqb@temp-user.xyz
pviveashqc,Pebrook,Viveash,pviveashqc@temp-user.xyz
nbelwardqd,Nari,Belward,nbelwardqd@temp-user.xyz
cfludeqe,Cherianne,Flude,cfludeqe@temp-user.xyz
dbroyqf,Donni,Broy,dbroyqf@temp-user.xyz
sjentgensqg,Sheelah,Jentgens,sjentgensqg@temp-user.xyz
dsutterbyqh,Dagmar,Sutterby,dsutterbyqh@temp-user.xyz
mworcsqi,Melany,Worcs,mworcsqi@temp-user.xyz
rbestmanqj,Roderich,Bestman,rbestmanqj@temp-user.xyz
ylashmoreqk,Yurik,Lashmore,ylashmoreqk@temp-user.xyz
phasleyql,Peadar,Hasley,phasleyql@temp-user.xyz
lsurcombeqm,Leroy,Surcombe,lsurcombeqm@temp-user.xyz
hchaytorqn,Humbert,Chaytor,hchaytorqn@temp-user.xyz
eschermickqo,Elijah,Schermick,eschermickqo@temp-user.xyz
fdedmamqp,Freddie,Dedmam,fdedmamqp@temp-user.xyz
lbillowsqq,Lauralee,Billows,lbillowsqq@temp-user.xyz
iclereqr,Ivan,Clere,iclereqr@temp-user.xyz
egardenerqs,Emlynn,Gardener,egardenerqs@temp-user.xyz
dbrightqt,Darcy,Bright,dbrightqt@temp-user.xyz
jmaccurlyequ,Jareb,MacCurlye,jmaccurlyequ@temp-user.xyz
asemirazqv,Arnie,Semiraz,asemirazqv@temp-user.xyz
hqueenqw,Hermann,Queen,hqueenqw@temp-user.xyz
nfarrearqx,Natalina,Farrear,nfarrearqx@temp-user.xyz
lkaremanqy,Letisha,Kareman,lkaremanqy@temp-user.xyz
nlynaghqz,Niles,Lynagh,nlynaghqz@temp-user.xyz
gtrumanr0,Gladys,Truman,gtrumanr0@temp-user.xyz
fgogertyr1,Flem,Gogerty,fgogertyr1@temp-user.xyz
rfossordr2,Rosene,Fossord,rfossordr2@temp-user.xyz
athickinsr3,Alia,Thickins,athickinsr3@temp-user.xyz
abodsworthr4,Aleece,Bodsworth,abodsworthr4@temp-user.xyz
dduffilr5,Dione,Duffil,dduffilr5@temp-user.xyz
askater6,Aggie,Skate,askater6@temp-user.xyz
rwinsonr7,Raina,Winson,rwinsonr7@temp-user.xyz
acarrickr8,Ailsun,Carrick,acarrickr8@temp-user.xyz
ahucksterr9,Angeli,Huckster,ahucksterr9@temp-user.xyz
dbullarra,Davidson,Bullar,dbullarra@temp-user.xyz
bkerrrb,Baird,Kerr,bkerrrb@temp-user.xyz
cmcrobbrc,Colet,McRobb,cmcrobbrc@temp-user.xyz
pstigglesrd,Perri,Stiggles,pstigglesrd@temp-user.xyz
dcorcutre,Dal,Corcut,dcorcutre@temp-user.xyz
gburkinrf,Gerri,Burkin,gburkinrf@temp-user.xyz
nbynoldrg,Nomi,Bynold,nbynoldrg@temp-user.xyz
tcoerh,Tandi,Coe,tcoerh@temp-user.xyz
gguilliattri,Geordie,Guilliatt,gguilliattri@temp-user.xyz
nnewlanrj,Nertie,Newlan,nnewlanrj@temp-user.xyz
bpalekrk,Barbaraanne,Palek,bpalekrk@temp-user.xyz
kreimsrl,Kevon,Reims,kreimsrl@temp-user.xyz
lkneelrm,Lindsey,Kneel,lkneelrm@temp-user.xyz
sdelacroixrn,Sibylle,Delacroix,sdelacroixrn@temp-user.xyz
dcaukillro,Darcie,Caukill,dcaukillro@temp-user.xyz
dpottesrp,Dixie,Pottes,dpottesrp@temp-user.xyz
broglierorq,Binni,Rogliero,broglierorq@temp-user.xyz
vpfeiferrr,Vin,Pfeifer,vpfeiferrr@temp-user.xyz